City_ID,City,Country,Lat,Lng,Max Temp,Humidity,Cloudiness,Wind Speed,Current Description
0,Hilo,US,19.7297,-155.09,84.27,71,1,8.05,clear sky
1,Busselton,AU,-33.65,115.3333,58.08,70,74,14.85,broken clouds
2,Yellowknife,CA,62.456,-114.3525,47.41,99,20,4.0,few clouds
3,Albany,US,42.6001,-73.9662,51.53,88,12,4.45,few clouds
4,Gat,IL,31.61,34.7642,74.08,100,32,4.12,scattered clouds
5,Cape Town,ZA,-33.9258,18.4232,57.27,74,75,4.61,light rain
6,Saskylakh,RU,71.9167,114.0833,21.92,96,93,3.8,overcast clouds
7,Cabo San Lucas,MX,22.8909,-109.9124,85.51,76,1,4.61,clear sky
8,Hermanus,ZA,-34.4187,19.2345,54.9,86,39,11.05,light rain
9,Burnie,AU,-41.0667,145.9167,57.0,93,100,2.68,moderate rain
10,Barrow,US,71.2906,-156.7887,30.22,80,90,18.41,light snow
11,Punta Arenas,CL,-53.15,-70.9167,35.71,80,0,8.05,clear sky
12,Rikitea,PF,-23.1203,-134.9692,73.49,69,39,20.38,scattered clouds
13,Bethel,US,41.3712,-73.414,55.81,88,1,0.0,clear sky
14,Honiara,SB,-9.4333,159.95,84.69,76,97,4.41,overcast clouds
15,Valenca,BR,-13.3703,-39.0731,72.61,97,25,2.62,scattered clouds
16,Husavik,IS,66.0449,-17.3389,42.71,98,100,17.92,overcast clouds
17,Mataura,NZ,-46.1927,168.8643,61.48,57,100,7.31,overcast clouds
18,Souillac,MU,-20.5167,57.5167,72.36,78,75,11.5,broken clouds
19,Faanui,PF,-16.4833,-151.75,79.14,73,6,17.45,clear sky
20,Baiao,BR,-2.7906,-49.6717,75.25,87,35,3.15,scattered clouds
21,Bredasdorp,ZA,-34.5322,20.0403,54.28,90,8,8.95,light rain
22,Dikson,RU,73.5069,80.5464,31.59,80,100,19.77,overcast clouds
23,Kapaa,US,22.0752,-159.319,82.72,69,20,1.99,few clouds
24,Vaini,TO,-21.2,-175.2,77.16,83,75,10.36,broken clouds
25,Cherskiy,RU,68.75,161.3,23.95,72,100,11.05,overcast clouds
26,Constitucion,CL,-35.3333,-72.4167,51.24,91,100,3.71,overcast clouds
27,Iranshahr,IR,27.2025,60.6848,89.94,17,100,11.5,overcast clouds
28,Port Alfred,ZA,-33.5906,26.891,59.36,88,5,15.48,clear sky
29,Alofi,NU,-19.0595,-169.9187,80.49,69,67,18.41,broken clouds
30,Huntsville,US,34.7304,-86.5861,72.82,85,1,0.0,clear sky
31,Kieta,PG,-6.2167,155.6333,84.94,64,97,4.32,light rain
32,Sofiyivka,UA,48.0493,33.8746,39.36,56,0,8.48,clear sky
33,Morvi,IN,22.8167,70.8333,77.88,85,11,4.76,few clouds
34,San Cristobal,VE,7.7669,-72.225,73.58,90,8,2.01,clear sky
35,Shenjiamen,CN,29.9576,122.298,77.43,69,36,10.54,scattered clouds
36,Hithadhoo,MV,-0.6,73.0833,82.06,72,74,6.64,broken clouds
37,Hobart,AU,-42.8794,147.3294,61.11,91,75,1.99,broken clouds
38,Saint George,US,37.1041,-113.5841,77.59,20,1,4.61,clear sky
39,Geraldton,AU,-28.7667,114.6,68.41,52,75,14.97,broken clouds
40,Bluff,NZ,-46.6,168.3333,61.81,71,100,15.68,overcast clouds
41,Pisco,PE,-13.7,-76.2167,63.01,82,0,11.5,clear sky
42,Tasiilaq,GL,65.6145,-37.6368,33.96,51,8,6.04,clear sky
43,Gornopravdinsk,RU,60.05,69.9,32.09,95,99,8.12,overcast clouds
44,Saint Anthony,US,45.0205,-93.218,72.55,83,90,1.01,light rain
45,San Ramon,US,37.7799,-121.978,80.92,39,1,3.44,clear sky
46,Puerto Baquerizo Moreno,EC,-0.9,-89.6,68.54,91,43,7.36,scattered clouds
47,Ulladulla,AU,-35.35,150.4667,70.77,71,43,6.8,scattered clouds
48,Mehamn,NO,71.0357,27.8492,46.08,83,68,21.23,broken clouds
49,Saint-Philippe,RE,-21.3585,55.7679,69.35,75,27,11.61,scattered clouds
50,Ushuaia,AR,-54.8,-68.3,35.26,80,40,19.57,light rain
51,Kodiak,US,57.79,-152.4072,42.31,61,75,17.27,broken clouds
52,Srednekolymsk,RU,67.45,153.6833,31.71,87,100,3.29,overcast clouds
53,Sharan,RU,54.8167,54.0,45.59,85,100,6.49,overcast clouds
54,Georgetown,MY,5.4112,100.3354,84.88,78,20,1.01,few clouds
55,San Policarpo,PH,12.1791,125.5072,84.36,71,100,3.8,overcast clouds
56,Vestmannaeyjar,IS,63.4427,-20.2734,45.1,85,93,21.12,overcast clouds
57,Ternate,ID,0.8,127.4,81.28,80,100,5.28,overcast clouds
58,Cayenne,GF,4.9333,-52.3333,83.08,79,20,3.0,few clouds
59,Pevek,RU,69.7008,170.3133,23.34,73,17,8.3,few clouds
60,Otradnoye,RU,59.7775,30.8181,47.55,95,41,4.32,scattered clouds
61,Bestobe,KZ,52.4994,73.0975,32.88,87,11,12.66,few clouds
62,Tiksi,RU,71.6872,128.8694,30.51,79,52,5.44,broken clouds
63,Talnakh,RU,69.4865,88.3972,20.66,93,86,2.13,overcast clouds
64,Alta Floresta,BR,-9.8756,-56.0861,70.47,93,96,2.1,overcast clouds
65,Chuy,UY,-33.6971,-53.4616,50.94,85,0,6.22,clear sky
66,Qaanaaq,GL,77.484,-69.3632,26.29,94,100,6.4,overcast clouds
67,Guerrero Negro,MX,27.9769,-114.0611,72.64,77,0,12.91,clear sky
68,Asau,RO,46.4333,26.4,39.76,69,1,2.24,clear sky
69,Fare,PF,-16.7,-151.0167,79.03,74,3,18.43,light rain
70,Lasa,IT,46.6166,10.7002,56.28,91,100,1.92,overcast clouds
71,Teguise,ES,29.0605,-13.564,71.82,69,0,21.85,clear sky
72,Matay,EG,28.419,30.7792,68.97,73,0,12.59,clear sky
73,Butaritari,KI,3.0707,172.7902,82.87,75,100,17.11,overcast clouds
74,Khandyga,RU,62.6667,135.6,34.16,89,100,4.14,light rain
75,Avarua,CK,-21.2078,-159.775,78.85,73,100,14.97,overcast clouds
76,Tres Picos,MX,15.8667,-93.5333,78.42,88,34,2.44,scattered clouds
77,New Norfolk,AU,-42.7826,147.0587,60.75,98,100,3.06,overcast clouds
78,Clyde River,CA,70.4692,-68.5914,32.67,82,10,4.16,clear sky
79,Chandler,US,33.3062,-111.8412,84.92,26,40,3.44,scattered clouds
80,Esperance,AU,-33.8667,121.9,55.24,68,53,25.3,broken clouds
81,Port Macquarie,AU,-31.4333,152.9167,76.89,59,55,8.57,broken clouds
82,Tuktoyaktuk,CA,69.4541,-133.0374,35.6,93,90,10.36,light snow
83,Longyearbyen,SJ,78.2186,15.6401,36.36,97,100,4.07,overcast clouds
84,Karlskoga,SE,59.3267,14.5239,52.92,84,100,10.47,overcast clouds
85,Arraial Do Cabo,BR,-22.9661,-42.0278,70.14,94,65,9.42,moderate rain
86,Brae,GB,60.3964,-1.353,51.71,83,100,29.89,overcast clouds
87,Maneadero,MX,31.7167,-116.5667,70.11,79,10,4.21,clear sky
88,Kundla,IN,21.3333,71.3,76.5,89,94,3.09,overcast clouds
89,Port Hardy,CA,50.6996,-127.4199,53.6,76,90,6.91,overcast clouds
90,Tuatapere,NZ,-46.1333,167.6833,61.83,62,100,6.87,overcast clouds
91,Jining,CN,35.405,116.5814,79.0,71,0,8.34,clear sky
92,Okhotsk,RU,59.3833,143.3,36.05,89,58,1.28,broken clouds
93,Lompoc,US,34.6391,-120.4579,73.78,88,1,3.44,clear sky
94,Sorong,ID,-0.8833,131.25,80.1,83,100,7.23,overcast clouds
95,Carnarvon,AU,-24.8667,113.6333,69.87,60,90,13.8,overcast clouds
96,Newport,GB,51.5877,-2.9984,54.14,87,100,12.75,overcast clouds
97,Vao,NC,-22.6667,167.4833,71.58,86,100,28.25,moderate rain
98,Omsukchan,RU,62.5333,155.8,31.06,93,100,9.53,light snow
99,Seoul,KR,37.5683,126.9778,75.61,64,40,3.44,scattered clouds
100,Grindavik,IS,63.8424,-22.4338,46.35,87,40,21.85,scattered clouds
101,Pangnirtung,CA,66.1451,-65.7125,37.09,76,98,2.82,overcast clouds
102,Mokhsogollokh,RU,61.4681,128.9203,33.71,70,100,4.61,overcast clouds
103,Nome,US,64.5011,-165.4064,36.16,52,40,20.71,scattered clouds
104,Mareeba,AU,-17.0,145.4333,95.32,41,42,3.83,scattered clouds
105,Provideniya,RU,64.3833,-173.3,29.01,75,58,6.22,broken clouds
106,Paamiut,GL,61.994,-49.6678,39.04,67,4,10.2,clear sky
107,Isiro,CD,2.7739,27.616,66.07,98,100,1.57,overcast clouds
108,Samoded,RU,63.6083,40.5111,42.76,82,100,3.02,overcast clouds
109,Lovington,US,32.944,-103.3485,63.64,62,66,1.81,broken clouds
110,Manakara,MG,-22.1333,48.0167,65.57,92,2,7.38,clear sky
111,Maryville,US,35.7565,-83.9705,71.67,91,20,0.0,few clouds
112,Smolenka,RU,52.1352,113.4974,35.67,64,44,8.95,scattered clouds
113,Torbay,CA,47.6666,-52.7314,56.75,98,90,4.61,light intensity drizzle
114,Hobyo,SO,5.3505,48.5268,77.61,83,35,18.41,scattered clouds
115,Lagoa,PT,39.05,-27.9833,70.65,91,9,14.52,clear sky
116,Fereydun Kenar,IR,36.6864,52.5225,70.38,61,80,5.59,broken clouds
117,Kavieng,PG,-2.5744,150.7967,85.15,63,38,2.82,scattered clouds
118,Mwene-Ditu,CD,-7.0,23.45,66.76,94,100,4.23,overcast clouds
119,Houma,US,29.5958,-90.7195,80.01,90,100,5.55,overcast clouds
120,Smithers,CA,54.7804,-127.1743,48.52,57,90,8.05,overcast clouds
121,Ivybridge,GB,50.3904,-3.9191,56.34,75,100,14.88,overcast clouds
122,Gidole,ET,5.65,37.3667,56.5,92,100,2.89,moderate rain
123,Namibe,AO,-15.1961,12.1522,60.24,85,0,3.47,clear sky
124,Jamestown,US,42.097,-79.2353,56.71,89,1,3.44,clear sky
125,Boddam,GB,57.4667,-1.7833,48.58,74,73,22.21,broken clouds
126,Uyuni,BO,-20.4597,-66.825,52.27,16,3,6.17,clear sky
127,Glendive,US,47.1053,-104.7125,60.17,35,1,8.05,clear sky
128,Wuda,CN,39.4994,106.7117,70.16,19,0,5.66,clear sky
129,Bonfim,BR,3.0833,-59.95,79.39,73,74,1.63,broken clouds
130,Port Elizabeth,ZA,-33.918,25.5701,56.1,88,74,15.68,light rain
131,Najran,SA,17.4924,44.1277,72.25,35,98,2.53,overcast clouds
132,Puerto Ayora,EC,-0.7393,-90.3518,69.24,91,87,7.56,overcast clouds
133,Port Hueneme,US,34.1478,-119.1951,85.12,76,1,6.91,clear sky
134,Krasnoselkup,RU,65.7,82.4667,31.42,98,100,8.75,overcast clouds
135,Ribeira Grande,PT,38.5167,-28.7,71.69,90,24,10.02,few clouds
136,Shubarkuduk,KZ,49.1447,56.4872,39.97,66,14,5.32,few clouds
137,Maues,BR,-3.3836,-57.7186,76.17,90,97,2.17,overcast clouds
138,Bathsheba,BB,13.2167,-59.5167,84.81,74,40,21.85,scattered clouds
139,Stykkisholmur,IS,65.0757,-22.7297,41.63,96,100,22.62,overcast clouds
140,Taoudenni,ML,22.6783,-3.9836,89.64,10,3,9.24,clear sky
141,Kitimat,CA,54.0524,-128.6534,46.9,29,100,5.5,moderate rain
142,Kahului,US,20.8947,-156.47,84.22,67,1,27.63,clear sky
143,Laguna,US,38.421,-121.4238,82.38,32,1,0.0,clear sky
144,Santiago Del Estero,AR,-27.7951,-64.2615,67.91,32,100,7.11,overcast clouds
145,Hongjiang,CN,27.11,109.9956,89.49,51,0,3.36,clear sky
146,Moerai,PF,-22.4333,-151.3333,76.21,78,10,12.01,clear sky
147,Saint-Louis,SN,16.3333,-15.0,86.34,53,33,13.04,scattered clouds
148,Hassleholm,SE,56.1591,13.7664,53.44,80,100,8.39,overcast clouds
149,Gizo,SB,-8.103,156.8419,83.73,69,83,1.88,light rain
150,Fallon,US,39.4735,-118.7774,69.58,16,40,4.61,scattered clouds
151,Escanaba,US,45.7453,-87.0646,70.21,90,1,9.22,clear sky
152,Norman Wells,CA,65.282,-126.8329,48.24,53,40,5.75,scattered clouds
153,Ponta Do Sol,PT,32.6667,-17.1,71.71,80,1,6.15,clear sky
154,Tahe,CN,52.3333,124.7333,42.49,41,13,4.03,few clouds
155,Thinadhoo,MV,0.5333,72.9333,82.53,69,15,7.67,few clouds
156,Devonport,AU,-41.1667,146.35,57.25,93,100,4.79,overcast clouds
157,Comodoro Rivadavia,AR,-45.8667,-67.5,42.66,93,90,8.05,light rain
158,Porto Belo,BR,-27.1578,-48.5531,72.16,91,99,6.87,overcast clouds
159,Odweyne,SO,9.4092,45.064,74.41,60,58,7.96,broken clouds
160,Flin Flon,CA,54.7682,-101.865,56.79,50,27,6.17,scattered clouds
161,Hirara,JP,24.8,125.2833,85.86,70,40,9.22,scattered clouds
162,Half Moon Bay,US,37.4636,-122.4286,82.42,63,1,5.75,clear sky
163,Parkes,AU,-33.1333,148.1833,60.64,87,95,10.47,overcast clouds
164,Airai,TL,-8.9266,125.4092,80.04,34,100,1.86,overcast clouds
165,Praia,CV,14.9215,-23.5087,79.34,78,20,13.8,few clouds
166,At-Bashi,KG,41.1702,75.8106,46.71,80,96,1.39,overcast clouds
167,Sur,OM,22.5667,59.5289,86.0,66,100,4.99,overcast clouds
168,Port-Gentil,GA,-0.7193,8.7815,77.16,85,100,9.48,light rain
169,Severo-Kurilsk,RU,50.6789,156.125,51.28,95,100,15.37,overcast clouds
170,Kaitangata,NZ,-46.2817,169.8464,60.93,51,97,8.97,overcast clouds
171,Luanda,AO,-8.8368,13.2343,73.4,83,75,5.75,broken clouds
172,Nikolskoye,RU,59.7035,30.7861,47.39,95,43,4.43,scattered clouds
173,Mar Del Plata,AR,-38.0023,-57.5575,54.12,62,8,4.0,mist
174,Nahariyya,IL,33.0059,35.0941,69.98,88,0,8.21,clear sky
175,Toro,CO,4.6117,-76.0814,72.28,96,86,2.51,overcast clouds
176,Camana,PE,-16.6228,-72.7111,63.48,83,30,9.66,scattered clouds
177,Bambous Virieux,MU,-20.3428,57.7575,72.21,78,75,11.5,light rain
178,Dayong,CN,25.0209,118.2898,85.89,70,39,3.31,scattered clouds
179,Tiarei,PF,-17.5333,-149.3333,84.22,76,12,19.66,light rain
180,Monroe,US,43.1501,-77.6831,57.34,91,1,5.75,clear sky
181,East London,ZA,-33.0153,27.9116,61.61,85,100,11.52,light rain
182,Nishihara,JP,26.1842,127.7558,86.05,62,20,11.5,few clouds
183,Maragogi,BR,-9.0122,-35.2225,75.0,88,6,6.31,clear sky
184,Pangody,RU,65.85,74.4859,30.61,78,100,17.85,overcast clouds
185,Qaqortoq,GL,60.7167,-46.0333,32.5,49,2,3.98,clear sky
186,Peniche,PT,39.3558,-9.3811,66.61,93,54,8.39,broken clouds
187,Kidal,ML,18.4411,1.4078,84.96,13,70,10.96,broken clouds
188,Xining,CN,36.6167,101.7667,58.59,32,100,3.33,overcast clouds
189,Bonthe,SL,7.5264,-12.505,77.36,88,99,7.96,moderate rain
190,Manyana,BW,-23.4,21.7167,55.38,37,2,11.03,clear sky
191,Klaksvik,FO,62.2266,-6.589,49.12,91,100,15.46,overcast clouds
192,Jati,PK,24.3539,68.2671,81.23,83,59,8.59,broken clouds
193,Sao Filipe,CV,14.8961,-24.4956,79.11,77,17,6.46,few clouds
194,Lebu,CL,-37.6167,-73.65,48.34,77,100,13.51,overcast clouds
195,Tombouctou,ML,20.0,-3.0,88.63,11,88,8.52,overcast clouds
196,Bagdarin,RU,54.4333,113.6,36.9,50,3,2.53,clear sky
197,Oriximina,BR,-1.7656,-55.8661,79.36,77,100,1.61,overcast clouds
198,Tabou,CI,4.423,-7.3528,76.66,89,75,5.77,light rain
199,Dunda,TZ,-8.1167,34.25,63.3,67,45,1.45,scattered clouds
200,Buchanan,LR,5.8808,-10.0467,76.96,90,100,6.55,moderate rain
201,Nouadhibou,MR,20.931,-17.0347,70.18,89,0,15.28,clear sky
202,Hukuntsi,BW,-24.0,21.75,53.8,42,22,10.71,few clouds
203,Tumut,AU,-35.3,148.2167,65.39,92,100,1.3,light rain
204,Cacapava Do Sul,BR,-30.5122,-53.4914,54.46,97,0,4.63,clear sky
205,Cabra,ES,37.4725,-4.4421,72.39,68,88,1.3,overcast clouds
206,Poum,NC,-20.2333,164.0167,74.57,86,98,23.44,light rain
207,Sorland,NO,67.667,12.6934,52.38,82,100,18.72,light rain
208,Caravelas,BR,-17.7125,-39.2481,74.84,80,0,9.15,clear sky
209,Bengkulu,ID,-3.8004,102.2655,81.27,73,100,4.14,overcast clouds
210,Vila,PT,42.0304,-8.1588,54.7,94,98,4.25,overcast clouds
211,Santo Andre,BR,-23.6639,-46.5383,69.13,83,40,3.44,scattered clouds
212,Laurel,US,39.0993,-76.8483,60.1,89,1,0.0,clear sky
213,Macapa,BR,0.0389,-51.0664,85.98,84,75,9.22,broken clouds
214,Marsa Matruh,EG,31.3525,27.2453,73.6,60,40,9.22,scattered clouds
215,Port Hedland,AU,-20.3167,118.5667,84.25,32,24,17.27,few clouds
216,Katsuura,JP,35.1333,140.3,78.91,64,0,4.12,clear sky
217,Nadvoitsy,RU,63.8667,34.3167,44.01,89,100,6.29,overcast clouds
218,Straumen,NO,63.8709,11.2999,61.5,77,95,5.5,overcast clouds
219,Tapes,BR,-30.6733,-51.3958,59.59,90,2,10.4,clear sky
220,Bud,US,39.447,-86.1758,66.33,78,35,6.38,scattered clouds
221,Miri,MY,4.4148,114.0089,78.94,89,40,10.36,scattered clouds
222,Bozdar,PK,27.1828,68.636,80.67,62,24,8.03,few clouds
223,Vengerovo,RU,55.6848,76.7471,33.96,87,98,11.92,overcast clouds
224,Zhigansk,RU,66.7697,123.3711,33.62,58,57,16.93,broken clouds
225,Khatanga,RU,71.9667,102.5,28.26,90,100,3.15,overcast clouds
226,Fortuna,US,40.5982,-124.1573,58.08,70,20,1.01,few clouds
227,Harper,LR,4.375,-7.7169,76.96,88,100,7.09,light rain
228,Bonavista,CA,48.6499,-53.1147,56.12,98,96,13.06,overcast clouds
229,Maniitsoq,GL,65.4167,-52.9,38.64,61,2,4.41,clear sky
230,Porbandar,IN,21.6422,69.6093,78.78,94,40,6.91,fog
231,Sabang,ID,5.8933,95.3214,81.39,73,78,5.3,broken clouds
232,Broome,US,42.2506,-75.833,53.55,76,29,1.88,scattered clouds
233,Savinka,RU,50.0785,47.0994,49.08,52,98,5.21,overcast clouds
234,Ancud,CL,-41.8697,-73.8203,42.33,75,87,17.72,overcast clouds
235,Hofn,IS,64.2539,-15.2082,48.16,81,100,18.59,overcast clouds
236,Gornozavodsk,RU,58.3758,58.3211,33.03,92,99,5.23,overcast clouds
237,Boyolangu,ID,-8.1181,111.8935,82.83,61,100,6.89,overcast clouds
238,Ayr,GB,55.4627,-4.6339,51.51,87,40,11.5,scattered clouds
239,Abilene,US,32.4487,-99.7331,73.62,77,20,1.01,few clouds
240,Lardos,GR,36.0942,28.0157,72.95,66,0,8.1,clear sky
241,Waingapu,ID,-9.6567,120.2641,86.14,55,59,7.76,broken clouds
242,Flinders,AU,-34.5833,150.8552,74.8,59,55,0.92,light rain
243,Mackay,AU,-21.15,149.2,91.69,42,0,10.36,clear sky
244,Mabaruma,GY,8.2,-59.7833,74.82,90,97,2.84,overcast clouds
245,Victoria,HK,22.2855,114.1577,89.04,79,51,5.01,broken clouds
246,Kenai,US,60.5544,-151.2583,43.03,72,90,13.8,overcast clouds
247,Kutum,SD,14.2,24.6667,74.26,25,0,6.87,clear sky
248,Olafsvik,IS,64.8945,-23.7142,44.06,87,100,26.49,overcast clouds
249,Lyuban,BY,52.7985,28.0048,43.09,74,100,7.38,overcast clouds
250,Quatre Cocos,MU,-20.2078,57.7625,72.09,75,87,12.08,light rain
251,Ventspils,LV,57.3894,21.5606,44.53,100,0,4.61,mist
252,Castro,BR,-24.7911,-50.0119,56.01,90,95,1.7,overcast clouds
253,Manggar,ID,-2.8833,108.2667,81.81,77,98,9.75,overcast clouds
254,Nanortalik,GL,60.1432,-45.2371,38.41,58,0,9.95,clear sky
255,Ferkessedougou,CI,9.6,-5.2,71.8,95,90,3.53,light rain
256,Vila Velha,BR,-20.3297,-40.2925,75.15,88,40,6.91,scattered clouds
257,Hasaki,JP,35.7333,140.8333,79.2,59,0,4.97,clear sky
258,Saldanha,ZA,-33.0117,17.9442,46.45,78,19,8.16,few clouds
259,San Patricio,US,28.017,-97.5169,78.84,79,85,7.4,overcast clouds
260,Ayna,PE,-12.65,-73.9167,61.45,81,78,1.23,broken clouds
261,Tupik,RU,54.4253,119.9327,40.41,42,25,0.87,scattered clouds
262,Chumikan,RU,54.7183,135.315,45.88,53,70,21.18,broken clouds
263,Iqaluit,CA,63.7506,-68.5145,28.13,86,1,2.3,clear sky
264,Nantucket,US,41.2835,-70.0995,61.97,75,1,0.0,clear sky
265,Luderitz,NA,-26.6481,15.1594,57.9,83,79,18.14,broken clouds
266,Vrangel,RU,42.7297,133.0839,62.19,40,25,4.36,scattered clouds
267,Aleksandrov Gay,RU,50.147,48.5704,45.82,62,32,6.6,scattered clouds
268,Bandarbeyla,SO,9.4942,50.8122,78.15,83,9,21.61,clear sky
269,Nhulunbuy,AU,-12.2333,136.7667,88.41,51,100,12.66,overcast clouds
270,Yumen,CN,40.2833,97.2,53.58,44,94,19.95,overcast clouds
271,Malanje,AO,-9.5402,16.341,63.93,89,84,5.46,light rain
272,Maroantsetra,MG,-15.4333,49.7333,67.19,93,71,3.78,broken clouds
273,Karratha,AU,-20.7377,116.8463,75.67,31,4,17.18,clear sky
274,Camacupa,AO,-12.0167,17.4833,62.38,74,13,2.04,few clouds
275,Sao Joao Da Barra,BR,-21.6403,-41.0511,72.37,94,98,6.55,overcast clouds
276,Ahipara,NZ,-35.1667,173.1667,62.2,56,0,2.62,clear sky
277,Rognan,NO,67.0953,15.3878,55.54,89,100,7.52,overcast clouds
278,Atuona,PF,-9.8,-139.0333,78.33,72,77,20.83,broken clouds
279,Santa Isabel,BR,-23.3156,-46.2214,70.66,91,94,5.53,overcast clouds
280,Koungou,YT,-12.7336,45.2042,73.11,88,40,4.61,scattered clouds
281,Waterloo,CA,43.4668,-80.5164,59.65,88,1,4.0,clear sky
282,Barranca,PE,-10.75,-77.7667,61.09,87,42,8.72,scattered clouds
283,Seymchan,RU,62.8833,152.4333,33.6,100,100,4.45,light rain
284,Acapulco,MX,16.8634,-99.8901,82.22,78,40,2.3,scattered clouds
285,Svetlogorsk,BY,52.6333,29.7333,40.75,80,78,6.87,broken clouds
286,Dekar,BW,-21.5333,21.9333,59.68,18,3,9.53,clear sky
287,Port Hawkesbury,CA,45.6169,-61.3485,52.59,97,1,4.61,clear sky
288,Egvekinot,RU,66.3167,-179.1667,16.93,77,0,3.11,clear sky
289,Mindelo,CV,16.8901,-24.9804,78.35,73,40,12.66,scattered clouds
290,Naryan-Mar,RU,67.6713,53.087,35.71,78,100,5.28,overcast clouds
291,Upernavik,GL,72.7868,-56.1549,31.62,95,100,8.86,light snow
292,Talisay,PH,10.2447,123.8494,89.62,62,40,5.75,scattered clouds
293,Dingle,PH,10.9995,122.6711,84.63,77,95,2.3,overcast clouds
294,Balkhash,KZ,46.844,74.9804,34.41,75,0,8.95,clear sky
295,Obodivka,UA,48.4051,29.2477,43.34,64,12,5.28,few clouds
296,Havoysund,NO,70.9963,24.6622,49.08,76,11,24.25,few clouds
297,Siddipet,IN,18.1,78.85,75.0,91,16,7.36,few clouds
298,Urengoy,RU,65.9667,78.3667,28.99,95,100,14.12,overcast clouds
299,Thompson,CA,55.7435,-97.8558,53.76,66,20,2.3,few clouds
300,Sinnamary,GF,5.3833,-52.95,80.67,80,38,10.87,scattered clouds
301,Muhos,FI,64.808,25.9931,47.98,82,100,10.74,overcast clouds
302,Champasak,LA,14.75,106.0,76.08,94,97,1.81,overcast clouds
303,Myitkyina,MM,25.3833,97.4,79.77,88,64,0.85,broken clouds
304,Jumla,NP,29.2747,82.1838,61.97,81,54,2.39,broken clouds
305,Sumter,US,28.7086,-82.0831,79.11,81,65,8.9,broken clouds
306,Northam,GB,51.0333,-4.2167,56.01,89,100,14.79,overcast clouds
307,Polyarnyy,RU,69.1989,33.4478,41.47,77,100,15.66,overcast clouds
308,Astana,KZ,51.1801,71.446,35.55,87,40,4.47,scattered clouds
309,Sitka,US,57.0531,-135.33,49.89,81,90,25.32,heavy intensity rain
310,Baoqing,CN,46.3317,132.2111,54.97,51,34,4.16,scattered clouds
311,San Isidro,PE,-12.1167,-77.05,60.51,78,90,1.01,overcast clouds
312,Victor Harbor,AU,-35.5667,138.6167,67.19,68,2,1.01,clear sky
313,Vardo,NO,70.3705,31.1107,46.33,84,98,21.23,overcast clouds
314,Aitape,PG,-3.1374,142.3475,79.3,87,100,5.03,moderate rain
315,Banjar,ID,-8.19,114.9675,84.06,54,85,2.17,overcast clouds
316,Harer,ET,9.3094,42.1258,57.0,93,100,1.57,overcast clouds
317,Zhangjiakou,CN,40.81,114.8794,58.89,70,58,5.82,broken clouds
318,Mayumba,GA,-3.432,10.6554,75.52,86,100,5.21,overcast clouds
319,Deer Lake,CA,49.1667,-57.4316,46.26,100,90,10.36,mist
320,North Bend,US,43.4065,-124.2243,58.95,91,1,16.11,haze
321,Viedma,AR,-40.8135,-62.9967,55.02,44,100,12.91,overcast clouds
322,Saint-Junien,FR,45.8833,0.9,56.34,92,99,4.85,overcast clouds
323,Coquimbo,CL,-29.9533,-71.3436,55.13,82,0,2.3,clear sky
324,Sorkjosen,NO,69.8,20.9333,49.24,81,29,17.76,scattered clouds
325,Udachnyy,RU,66.4167,112.4,35.82,42,22,1.07,few clouds
326,Asekeyevo,RU,53.5742,52.7972,43.97,90,98,5.26,overcast clouds
327,Camacha,PT,33.0833,-16.3333,67.42,73,40,9.22,scattered clouds
328,Cidreira,BR,-30.1811,-50.2056,62.15,89,33,8.81,scattered clouds
329,Arraias,BR,-12.9288,-46.9437,80.19,43,52,1.52,broken clouds
330,Komsomolskiy,UZ,40.4272,71.7189,57.92,35,73,2.3,broken clouds
331,Odesskoye,RU,54.2111,72.9651,30.9,89,62,11.68,broken clouds
332,Mount Gambier,AU,-37.8333,140.7667,60.71,77,90,6.91,overcast clouds
333,Chokurdakh,RU,70.6333,147.9167,16.14,84,15,1.12,few clouds
334,Filadelfia,US,39.9523,-75.1638,57.33,84,1,0.0,clear sky
335,Kruisfontein,ZA,-34.0033,24.7314,53.89,89,99,17.2,overcast clouds
336,Luau,AO,-10.7073,22.2247,65.86,89,59,3.51,broken clouds
337,Richards Bay,ZA,-28.783,32.0377,67.28,93,100,6.33,overcast clouds
338,Jalu,LY,29.0331,21.5482,69.39,56,0,8.84,clear sky
339,Khovu-Aksy,RU,51.1333,93.6,31.96,61,21,1.95,few clouds
340,Arman,RU,59.7,150.1667,43.32,91,87,4.63,overcast clouds
341,Bria,CF,6.5423,21.9863,69.53,94,100,2.15,overcast clouds
342,Westport,US,41.1415,-73.3579,62.19,83,1,1.99,clear sky
343,Tigil,RU,57.8,158.6667,50.99,79,96,13.53,light rain
344,Sola,VU,-13.8833,167.55,77.81,86,100,17.09,moderate rain
345,Visby,SE,57.6409,18.296,53.85,87,100,11.5,overcast clouds
346,Mastic Beach,US,40.7668,-72.8521,62.4,80,1,1.99,clear sky
347,Anloga,GH,5.7947,0.8973,79.02,85,100,7.02,light rain
348,Saint-Leu,RE,-21.15,55.2833,68.83,70,9,2.42,clear sky
349,Praia Da Vitoria,PT,38.7333,-27.0667,71.76,94,0,8.16,clear sky
350,Codrington,AU,-38.2667,141.9667,57.2,84,100,5.79,overcast clouds
351,Russkaya Polyana,UA,49.417,31.9201,45.54,67,3,5.95,clear sky
352,Bilibino,RU,68.0546,166.4372,13.33,85,80,3.56,broken clouds
353,Khargapur,IN,24.823,79.144,78.8,78,4,4.07,clear sky
354,Valleyview,CA,55.0667,-117.2859,46.44,46,32,4.61,scattered clouds
355,Buin,CL,-33.7333,-70.75,59.74,65,99,3.2,overcast clouds
356,Bulancak,TR,40.9372,38.2291,58.82,77,75,0.0,broken clouds
357,Cururupu,BR,-1.8283,-44.8683,75.09,92,86,2.8,overcast clouds
358,Birjand,IR,32.8663,59.2211,57.67,30,0,4.61,clear sky
359,Listvyanka,RU,51.8535,104.8693,36.9,94,100,16.37,light rain
360,Sawakin,SD,19.1059,37.3321,84.74,60,90,7.81,overcast clouds
361,Lerik,AZ,38.7726,48.4128,47.17,98,100,2.89,overcast clouds
362,Port Lincoln,AU,-34.7333,135.8667,61.72,71,49,18.84,scattered clouds
363,Nalut,LY,30.3333,10.85,67.8,52,0,9.42,clear sky
364,Maarianhamina,AX,60.0973,19.9348,53.46,87,0,18.41,clear sky
365,Lavrentiya,RU,65.5833,-171.0,29.19,71,28,14.45,scattered clouds
366,Adrar,MR,20.5022,-10.0711,88.66,23,16,3.24,few clouds
367,Sobolevo,RU,54.4299,31.8996,38.62,92,23,5.82,few clouds
368,Blarney,IE,51.9333,-8.5667,52.25,93,75,9.22,broken clouds
369,Qena,EG,26.1615,32.7183,73.51,42,0,7.61,clear sky
370,Missoula,US,47.0166,-113.8009,49.55,66,2,3.76,clear sky
371,Pochutla,MX,15.7432,-96.4661,80.82,88,99,2.77,overcast clouds
372,Nizwa,OM,22.9333,57.5333,81.79,56,100,4.54,overcast clouds
373,Muros,ES,42.7762,-9.0603,66.7,94,100,8.55,overcast clouds
374,Belmonte,BR,-15.8631,-38.8828,77.5,88,5,8.97,clear sky
375,Ostrovnoy,RU,68.0531,39.5131,40.37,78,37,12.5,scattered clouds
376,Avera,US,33.194,-82.5271,73.67,61,99,5.79,overcast clouds
377,Alice Springs,AU,-23.7,133.8833,89.15,10,0,18.41,clear sky
378,San Quintin,MX,30.4833,-115.95,71.67,68,0,4.25,clear sky
379,Pacific Grove,US,36.6177,-121.9166,77.25,85,1,5.01,clear sky
380,Mahebourg,MU,-20.4081,57.7,72.25,78,75,11.5,broken clouds
381,Reconquista,AR,-29.15,-59.65,62.87,66,1,6.87,clear sky
382,Bara,NG,10.3744,10.7288,73.15,94,99,6.69,overcast clouds
383,Aranos,NA,-24.1333,19.1167,47.12,47,1,9.26,clear sky
384,Matamoros,MX,25.5333,-103.25,86.11,35,75,3.44,broken clouds
385,Conceicao Das Alagoas,BR,-19.9147,-48.3883,67.78,72,100,12.17,light rain
386,Morant Bay,JM,17.8815,-76.4093,80.22,80,13,7.16,few clouds
387,Micheweni,TZ,-4.9667,39.8333,74.52,83,76,9.28,broken clouds
388,Kyren,RU,51.6828,102.1408,37.17,89,100,2.86,overcast clouds
389,Puqi,CN,29.7167,113.8833,85.03,51,31,3.65,scattered clouds
390,Crotone,IT,39.0851,17.1178,68.49,68,0,5.86,clear sky
391,Nyurba,RU,63.2842,118.3319,36.7,48,72,3.56,broken clouds
392,Dwarka,IN,22.2394,68.9678,81.1,85,27,12.93,scattered clouds
393,Zheleznodorozhnyy,RU,55.7503,38.0042,40.55,83,15,0.76,few clouds
394,Aras,ES,42.5617,-2.356,54.72,96,0,0.0,clear sky
395,Chapais,CA,49.7834,-74.8492,44.38,73,100,4.38,overcast clouds
396,Broken Hill,AU,-31.95,141.4333,65.91,42,14,5.75,few clouds
397,Hay River,CA,60.8156,-115.7999,53.58,54,75,12.66,broken clouds
398,Drayton Valley,CA,53.2168,-114.9854,50.92,49,66,7.4,broken clouds
399,Saint Simons,US,31.1352,-81.3901,80.02,88,1,10.36,clear sky
400,Antofagasta,CL,-23.65,-70.4,58.28,78,47,6.06,scattered clouds
401,Archidona,ES,37.0965,-4.3887,62.58,56,97,1.88,overcast clouds
402,Yeniseysk,RU,58.4497,92.1703,36.16,98,100,4.27,overcast clouds
403,Mangai,CD,-4.05,19.5333,69.57,94,81,2.26,light rain
404,Benguela,AO,-12.5763,13.4055,68.58,83,45,0.74,scattered clouds
405,Lata,PT,40.1629,-8.3327,63.81,98,80,1.77,broken clouds
406,Abu Dhabi,AE,24.4667,54.3667,86.02,89,100,0.0,overcast clouds
407,Sao Felix Do Xingu,BR,-6.6447,-51.995,74.46,84,49,0.81,scattered clouds
408,Limbang,MY,4.75,115.0,82.51,97,100,4.85,overcast clouds
409,Kirakira,SB,-10.4544,161.9205,83.59,74,100,2.62,overcast clouds
410,Moose Factory,CA,51.2585,-80.6094,50.0,93,90,10.36,overcast clouds
411,Coihaique,CL,-45.5752,-72.0662,37.35,93,90,1.14,light rain
412,Kota Bahru,MY,6.1333,102.2386,80.6,78,20,5.75,few clouds
413,Cumana,VE,10.4635,-64.1775,91.49,83,71,7.83,broken clouds
414,Daru,PG,-9.0763,143.2092,83.17,72,70,6.76,broken clouds
415,Leh,IN,34.1667,77.5833,52.02,61,6,5.64,clear sky
416,Ambon,ID,-3.6954,128.1814,84.34,89,40,8.05,scattered clouds
417,Atbasar,KZ,51.8,68.3333,31.51,83,18,6.49,few clouds
418,Mount Isa,AU,-20.7333,139.5,87.57,11,3,6.91,clear sky
419,Kyra,RU,49.5776,111.9753,34.27,77,100,4.14,light rain
420,Thessalon,CA,46.2501,-83.5666,63.09,89,100,6.33,overcast clouds
421,Fort Nelson,CA,58.8053,-122.7002,49.59,46,75,3.44,broken clouds
422,Piacabucu,BR,-10.4056,-36.4344,75.85,85,1,10.49,clear sky
423,Sept-Iles,CA,50.2001,-66.3821,50.05,87,90,4.0,overcast clouds
424,Birao,CF,10.2849,22.7882,72.61,85,100,5.23,overcast clouds
425,Egersund,NO,58.4513,5.9997,53.82,79,39,10.07,scattered clouds
426,Meulaboh,ID,4.1363,96.1285,81.27,68,89,1.63,overcast clouds
427,Muskogee,US,35.5834,-95.3336,72.52,89,1,0.0,clear sky
428,Maridi,SS,4.9158,29.4742,67.82,96,100,3.65,overcast clouds
429,Russell,US,32.3502,-85.1999,74.8,89,1,0.0,mist
430,Saint-Pierre,RE,-21.3393,55.4781,69.44,66,0,6.91,clear sky
431,Los Llanos De Aridane,ES,28.6585,-17.9182,67.75,83,0,13.8,clear sky
432,Huarmey,PE,-10.0681,-78.1522,63.39,84,81,10.51,broken clouds
433,Baturyn,UA,51.3457,32.8779,41.38,77,6,6.89,clear sky
434,Parambu,BR,-6.2111,-40.6944,81.75,39,81,6.98,broken clouds
435,Kargasok,RU,59.0556,80.8572,33.3,86,100,8.25,overcast clouds
436,Alyangula,AU,-13.8483,136.4192,85.87,62,40,11.5,scattered clouds
437,Mahenge,TZ,-8.6833,36.7167,58.82,92,36,1.61,scattered clouds
438,Faranah,GN,10.0404,-10.7434,69.51,98,57,1.43,light rain
439,Saurimo,AO,-9.6608,20.3916,66.0,95,100,4.63,light rain
440,Aksarka,RU,66.5606,67.7975,32.65,88,100,11.9,overcast clouds
441,Sukhumi,GE,43.0033,41.0153,55.49,82,8,4.99,clear sky
442,Marawi,PH,7.9986,124.2928,75.65,65,51,2.28,broken clouds
443,Ewo,CG,-0.8725,14.8206,70.57,94,100,4.56,overcast clouds
444,Renala Khurd,PK,30.8833,73.6,86.31,59,10,3.62,clear sky
445,Mao,ES,39.8885,4.2658,68.56,88,75,3.44,broken clouds
446,Ocos,GT,14.5094,-92.1933,82.31,76,4,1.48,clear sky
447,Qiongshan,CN,20.0058,110.3542,85.98,66,20,4.47,few clouds
448,Namatanai,PG,-3.6667,152.4333,84.45,67,93,4.14,overcast clouds
449,Muisne,EC,0.6,-80.0333,74.53,85,95,4.36,overcast clouds
450,Atherton,GB,53.5237,-2.4935,49.55,89,100,4.0,overcast clouds
451,Teya,RU,60.3778,92.6267,36.81,81,99,4.94,overcast clouds
452,Moron,AR,-34.6534,-58.6198,63.99,71,0,4.27,clear sky
453,Nola,IT,40.922,14.5329,71.55,63,0,3.6,clear sky
454,Gorontalo,ID,0.5412,123.0595,86.67,68,100,3.98,overcast clouds
455,Sicamous,CA,50.8331,-118.9856,55.11,68,67,3.47,broken clouds
456,Black River,JM,18.0264,-77.8487,80.6,82,99,4.83,overcast clouds
457,Orasac,BA,44.6289,16.0711,48.02,95,6,0.51,clear sky
458,Campeche,MX,19.0,-90.5,81.43,69,100,2.15,overcast clouds
459,Haines Junction,CA,60.7522,-137.5108,37.35,93,100,0.0,overcast clouds
460,Port Blair,IN,11.6667,92.75,82.65,78,99,10.96,overcast clouds
461,Yate,GB,51.5407,-2.4184,52.05,83,100,3.0,overcast clouds
462,Mugur-Aksy,RU,50.35,90.5,24.13,62,59,2.37,broken clouds
463,Margate,GB,51.3813,1.3862,49.69,87,71,9.93,broken clouds
464,Aklavik,CA,68.2191,-135.0107,36.32,100,100,2.35,overcast clouds
465,Leningradskiy,RU,69.3833,178.4167,16.09,86,12,4.9,few clouds
466,Aksay,RU,47.26,39.87,48.25,37,6,11.01,clear sky
467,Obihiro,JP,42.9172,143.2044,62.01,75,83,0.56,broken clouds
468,Itoman,JP,26.1247,127.6694,86.77,62,20,17.27,few clouds
469,Garland,US,32.9126,-96.6389,74.08,94,90,3.44,overcast clouds
470,Severnoye,RU,56.3491,78.3619,33.98,87,99,10.25,overcast clouds
471,Rocha,UY,-34.4833,-54.3333,47.5,88,0,2.26,clear sky
472,Colares,PT,38.7992,-9.4469,66.33,77,96,8.99,overcast clouds
473,Boa Vista,BR,2.8197,-60.6733,82.38,74,40,4.61,scattered clouds
474,Salym,RU,60.0625,71.4789,32.68,96,100,8.7,light snow
475,Murgab,TM,37.4966,61.9714,49.87,57,0,4.61,clear sky
476,Bengbu,CN,32.9408,117.3608,85.35,53,8,7.58,light rain
477,Donskoye,RU,45.4552,41.9741,50.68,77,100,17.54,overcast clouds
478,Rantepao,ID,-2.9701,119.8978,82.74,58,89,4.23,overcast clouds
479,Bay Saint Louis,US,30.3088,-89.33,79.07,88,40,0.0,scattered clouds
480,Aviles,ES,43.5547,-5.9248,63.73,96,0,1.99,clear sky
481,Rameswaram,IN,9.2833,79.3,80.38,81,100,8.41,overcast clouds
482,Roald,NO,62.5833,6.1333,55.54,54,75,11.5,broken clouds
483,Santa Maria,BR,-29.6842,-53.8069,60.1,94,40,3.44,scattered clouds
484,Fos-Sur-Mer,FR,43.4377,4.9446,66.85,94,93,2.3,overcast clouds
485,Nadym,RU,65.5333,72.5167,31.77,88,98,12.55,overcast clouds
486,Latung,PH,5.5,120.8833,83.19,71,96,1.28,overcast clouds
487,Dudinka,RU,69.4058,86.1778,22.89,94,62,12.73,broken clouds
488,Kalabo,ZM,-14.97,22.6814,72.14,52,80,3.33,broken clouds
489,Monrovia,LR,6.3005,-10.7969,76.77,87,100,8.32,moderate rain
490,Lorengau,PG,-2.0226,147.2712,84.58,66,79,4.47,broken clouds
491,Jitra,MY,6.2681,100.4217,82.29,83,20,1.99,few clouds
492,Penzance,GB,50.1186,-5.5371,57.88,76,100,22.88,overcast clouds
493,Mangrol,IN,21.1167,70.1167,81.23,81,91,8.14,overcast clouds
494,Svatove,UA,49.4103,38.1503,42.1,67,7,6.04,clear sky
495,Winnemucca,US,40.973,-117.7357,64.45,15,1,0.0,clear sky
496,Firminy,FR,45.3873,4.2907,59.02,62,0,3.44,clear sky
497,Mount Pleasant,US,32.7941,-79.8626,75.0,85,1,1.99,clear sky
498,Mocuba,MZ,-16.8392,36.9856,68.49,89,24,3.04,few clouds
499,Shingu,JP,33.7333,135.9833,79.79,41,0,4.61,clear sky
500,Rabo De Peixe,PT,37.8,-25.5833,71.11,91,40,6.91,scattered clouds
501,Osoyoos,CA,49.0331,-119.4524,53.19,71,45,1.14,scattered clouds
502,Olbia,IT,40.9214,9.4856,60.85,94,0,1.14,clear sky
503,Camopi,GF,3.1655,-52.3158,71.47,97,39,2.06,scattered clouds
504,Aberystwyth,GB,52.4155,-4.0829,49.66,88,100,13.38,overcast clouds
505,Tahta,EG,26.7693,31.5021,75.52,61,0,12.21,clear sky
506,Hatton,LK,6.8916,80.5955,68.04,73,94,2.08,overcast clouds
507,Nador,MA,35.174,-2.9287,62.85,94,40,4.61,scattered clouds
508,Ilawa,PL,53.596,19.5685,45.79,91,83,10.29,broken clouds
509,San Lazaro,BZ,18.0387,-88.6622,75.33,92,6,4.76,clear sky
510,Balesti,RO,45.0167,23.2167,44.71,65,5,3.36,clear sky
511,Villeneuve-Sur-Lot,FR,44.5,0.6667,57.15,90,80,4.97,broken clouds
512,Glomfjord,NO,66.8167,13.9667,53.87,89,100,10.36,overcast clouds
513,Naantali,FI,60.4674,22.0243,51.12,93,75,8.05,broken clouds
514,Lyaskelya,RU,61.7667,31.0167,47.39,91,100,4.72,overcast clouds
515,Esso,RU,55.9333,158.7,43.68,95,100,1.21,overcast clouds
516,Bolobo,CD,-2.1667,16.2333,71.28,89,87,2.01,overcast clouds
517,Agidel,RU,55.9077,53.9355,45.32,94,100,5.35,light rain
518,Soyo,AO,-6.1349,12.3689,75.31,86,99,8.05,overcast clouds
519,Falam,MM,22.9167,93.6833,68.61,93,78,2.01,broken clouds
520,Amravati,IN,20.9333,77.75,80.13,81,97,2.53,overcast clouds
521,Batagay,RU,67.6333,134.6333,30.65,42,0,3.85,clear sky
522,Gisborne,NZ,-38.6533,178.0042,60.94,62,31,4.68,scattered clouds
523,General Salgado,BR,-20.6483,-50.3606,68.81,89,98,10.4,overcast clouds
524,Brisbane,AU,-27.4679,153.0281,84.16,47,0,3.0,clear sky
525,Tarko-Sale,RU,64.9225,77.785,29.82,94,100,17.9,light snow
526,Mollendo,PE,-17.0231,-72.0147,62.17,86,44,8.61,scattered clouds
527,Miandrivazo,MG,-19.5167,45.4667,76.96,68,10,0.65,clear sky
528,Te Anau,NZ,-45.4167,167.7167,53.98,67,98,5.12,overcast clouds
529,Kavaratti,IN,10.5669,72.642,77.68,83,100,6.8,overcast clouds
530,Umarga,IN,17.8333,76.6167,79.09,76,17,5.93,few clouds
531,Tateyama,JP,34.9833,139.8667,83.14,79,77,7.07,broken clouds
532,Dandong,CN,40.1292,124.3947,66.63,53,4,3.02,clear sky
533,Khani,GE,41.9563,42.9566,47.77,88,9,5.3,clear sky
534,Townsville,AU,-19.25,146.8,88.68,48,5,10.36,clear sky
535,Pedregal,PA,8.3667,-82.4333,78.24,85,100,1.48,overcast clouds
536,Elbistan,TR,38.2059,37.1983,54.14,41,0,2.15,clear sky
537,Deputatskiy,RU,69.3,139.9,21.22,57,1,3.09,clear sky
538,Inhambane,MZ,-23.865,35.3833,69.82,86,3,11.14,clear sky
539,Coahuayana,MX,18.7333,-103.6833,78.28,89,100,2.04,overcast clouds
540,Bell Ville,AR,-32.6259,-62.6887,53.67,40,0,8.97,clear sky
541,Minab,IR,27.1467,57.0801,81.9,70,77,3.83,broken clouds
542,Dong Hoi,VN,17.4833,106.6,85.6,73,38,6.62,scattered clouds
543,Takoradi,GH,4.8845,-1.7554,75.87,89,100,3.87,overcast clouds
544,Banikoara,BJ,11.2985,2.4386,73.87,89,81,5.08,broken clouds
545,Ulaanbaatar,MN,47.9077,106.8832,42.93,65,75,6.71,broken clouds
546,Millau,FR,44.0833,2.9167,50.4,84,14,2.51,few clouds
547,Chicama,PE,-7.8447,-79.1469,59.54,84,93,6.26,overcast clouds
548,Quang Ngai,VN,15.1167,108.8,85.95,68,85,2.84,overcast clouds
549,Labuhan,ID,-6.8844,112.2051,85.55,58,100,1.43,overcast clouds
550,Gudalur,IN,9.6833,77.2667,73.72,94,100,3.29,overcast clouds
551,Caramay,PH,10.1815,119.236,85.17,71,84,0.72,broken clouds
552,Cedar City,US,37.6775,-113.0619,61.77,27,1,3.44,clear sky
553,Gorele,TR,41.0308,39.0031,60.24,87,100,2.19,overcast clouds
554,Mandalgovi,MN,45.7625,106.2708,48.97,43,21,19.84,few clouds
555,Edd,ER,13.9297,41.6925,86.07,73,100,4.94,overcast clouds
556,Touros,BR,-5.1989,-35.4608,77.9,85,9,12.62,clear sky
557,Cockburn Town,TC,21.4612,-71.1419,83.1,73,85,15.61,overcast clouds
558,Xichang,CN,27.8964,102.2634,74.7,69,10,2.55,clear sky
559,Bitung,ID,1.4451,125.1824,88.65,71,98,7.54,overcast clouds
560,Pedernales,DO,18.0384,-71.744,80.51,71,3,2.91,clear sky
561,Naze,JP,28.3667,129.4833,81.52,61,0,12.53,clear sky
562,Ballina,AU,-28.8667,153.5667,80.78,43,75,11.5,broken clouds
563,Perpignan,FR,42.75,2.75,64.0,77,0,0.0,clear sky
564,Gushikawa,JP,26.3544,127.8686,86.0,59,1,16.11,clear sky
565,Natal,BR,-5.795,-35.2094,79.02,89,20,8.05,few clouds
566,Gillette,US,44.2911,-105.5022,56.95,40,1,4.61,clear sky
567,Kayerkan,RU,69.3497,87.7602,26.29,95,92,7.61,overcast clouds
568,Roma,US,43.2128,-75.4557,51.84,92,1,0.0,clear sky
569,Isangel,VU,-19.55,169.2667,75.31,100,90,5.75,moderate rain
570,Omboue,GA,-1.5746,9.2618,74.97,89,100,4.52,overcast clouds
571,Juba,SS,4.8517,31.5825,71.2,94,100,2.89,overcast clouds
572,Shelburne,CA,44.0787,-80.2041,57.76,81,79,11.07,broken clouds
573,Havre,FR,49.5833,0.3333,55.17,82,0,5.75,clear sky
574,Nara,JP,34.6851,135.8049,82.49,33,0,5.06,clear sky
575,Severodvinsk,RU,64.5635,39.8302,39.31,71,100,4.65,overcast clouds
576,Yar-Sale,RU,66.8333,70.8333,30.96,86,98,14.94,overcast clouds
577,Ngunguru,NZ,-35.6167,174.5,59.61,67,0,11.83,clear sky
578,Arandis,NA,-22.4167,14.9667,44.47,80,0,1.48,clear sky
579,Benicarlo,ES,40.4165,0.4271,68.9,81,5,3.89,clear sky
580,Crixas,BR,-14.5489,-49.9692,81.14,51,41,2.64,scattered clouds
581,Merauke,ID,-8.4667,140.3333,82.99,73,41,12.01,scattered clouds
582,Kerema,PG,-7.9631,145.7785,82.54,79,88,8.72,overcast clouds
583,Zarate,AR,-34.0981,-59.0286,58.95,67,0,4.68,clear sky
584,Tharad,IN,24.3961,71.6267,84.16,73,9,6.98,clear sky
585,Faya,SA,18.3851,42.4509,60.91,47,77,4.14,broken clouds
586,Sylva,RU,58.0348,56.7635,36.77,85,100,3.11,overcast clouds
587,Beringovskiy,RU,63.05,179.3167,28.11,66,2,1.14,clear sky
588,Biryusinsk,RU,55.9634,97.8235,41.79,64,96,11.21,overcast clouds
589,Kiruna,SE,67.8557,20.2251,43.72,93,90,10.36,mist
590,Antonina,BR,-25.4286,-48.7119,69.73,93,95,3.09,overcast clouds
591,Plettenberg Bay,ZA,-34.0527,23.3716,56.05,86,95,11.43,overcast clouds
592,Arcata,US,40.8665,-124.0828,56.93,74,1,4.61,mist
593,Khvastovichi,RU,53.4694,35.0941,37.54,91,25,3.83,scattered clouds
594,Marsh Harbour,BS,26.5412,-77.0636,80.98,71,37,18.77,scattered clouds
595,Cabedelo,BR,-6.9811,-34.8339,77.67,87,24,10.51,few clouds
596,Domoni,KM,-12.2569,44.5319,73.96,83,93,4.34,overcast clouds
597,Whitecourt,CA,54.1502,-115.6855,54.64,35,75,2.3,broken clouds
598,Imeni Poliny Osipenko,RU,52.4201,136.4853,51.57,32,2,5.97,clear sky
599,Corralillo,CU,22.9819,-80.5856,80.2,73,3,12.91,clear sky
600,Dzialdowo,PL,53.2396,20.17,42.57,95,88,8.86,overcast clouds
601,Nyagan,RU,62.1406,65.3936,31.21,86,78,6.38,broken clouds
602,Lethem,GY,3.3803,-59.7968,79.43,67,85,5.53,overcast clouds
603,Tiznit,MA,29.5833,-9.5,77.9,15,0,1.9,clear sky
604,Portland,US,45.5234,-122.6762,62.58,75,1,1.01,clear sky
605,Thai Binh,VN,20.45,106.3333,86.0,61,54,6.62,broken clouds
606,Villa Maria,AR,-32.4075,-63.2402,52.83,64,0,8.5,clear sky
607,Kapit,MY,2.0167,112.9333,74.26,98,100,0.69,overcast clouds
608,Rafaela,AR,-31.2503,-61.4867,60.98,42,0,1.01,clear sky
609,Ilulissat,GL,69.2167,-51.1,28.42,93,20,0.0,few clouds
610,Anadyr,RU,64.75,177.4833,21.7,79,0,6.71,clear sky
611,Artyom,AZ,40.4723,50.333,60.94,54,100,16.28,overcast clouds
612,Neu-Anspach,DE,50.3167,8.5,54.99,79,100,5.32,light rain
613,Tysmenytsya,UA,48.9022,24.8448,46.29,57,99,6.64,overcast clouds
614,Alghero,IT,40.5589,8.3181,67.98,88,20,1.14,few clouds
615,Pytalovo,RU,57.0679,27.9138,39.69,93,29,6.49,scattered clouds
616,Folkestone,GB,51.0833,1.1833,49.71,100,90,7.72,overcast clouds
617,Wanning,CN,18.8003,110.3967,85.64,56,8,3.11,clear sky
618,Savinskiy,RU,62.9342,40.1361,42.13,81,100,2.82,overcast clouds
619,Karla,EE,59.3723,24.9275,48.16,86,90,4.61,overcast clouds
620,Karonga,MW,-9.9333,33.9333,75.6,60,10,6.42,clear sky
621,Borovskoy,KZ,53.8,64.15,34.7,69,99,4.74,overcast clouds
622,Kisangani,CD,0.5167,25.2,69.51,98,100,1.77,overcast clouds
623,Rosarito,MX,32.3333,-117.0333,80.15,48,4,6.53,clear sky
624,Atocha,BO,-20.9333,-66.2333,50.56,25,6,0.72,clear sky
625,Bardiyah,LY,31.7561,25.0865,72.03,61,100,13.94,overcast clouds
626,Thunder Bay,CA,48.4001,-89.3168,64.99,97,90,2.3,overcast clouds
627,Karaton,ID,-6.3424,106.1045,89.89,66,95,3.69,overcast clouds
628,Forbes,AU,-33.3833,148.0167,60.73,77,90,9.55,overcast clouds
629,Mildura,AU,-34.2,142.15,62.56,63,90,8.05,overcast clouds
630,Veraval,IN,20.9,70.3667,81.25,82,76,6.91,broken clouds
631,Goderich,CA,43.7501,-81.7165,64.72,72,100,10.36,overcast clouds
632,Zyryanka,RU,65.75,150.85,32.97,92,100,4.27,overcast clouds
633,Yataity,PY,-26.3667,-56.0667,65.05,99,62,3.49,broken clouds
634,Loja,EC,-3.9931,-79.2042,54.37,95,9,3.18,clear sky
635,Dullewala,PK,31.8359,71.4362,90.73,45,45,7.0,scattered clouds
636,Galveston,US,29.3669,-94.9669,77.97,93,100,8.46,overcast clouds
637,Makakilo City,US,21.3469,-158.0858,82.72,60,1,11.5,clear sky
638,Zhaoqing,CN,23.0512,112.4597,90.81,58,68,4.43,broken clouds
639,Teahupoo,PF,-17.8333,-149.2667,78.76,75,33,19.51,light rain
640,Conde,BR,-7.2597,-34.9075,76.46,94,40,8.05,scattered clouds
641,Shuiji,CN,27.4214,118.345,88.48,53,0,2.48,clear sky
642,Agirish,RU,61.9247,63.0231,31.35,74,94,4.14,overcast clouds
643,Kimberley,ZA,-28.7323,24.7623,51.49,82,2,6.91,clear sky
644,Otane,NZ,-39.8833,176.6333,65.39,49,6,3.49,clear sky
645,Hamilton,US,39.1834,-84.5333,65.25,77,1,0.0,clear sky
646,Wenling,CN,28.3669,121.36,87.91,69,12,7.18,few clouds
647,Saint-Francois,FR,46.4154,3.9054,48.67,100,75,0.0,broken clouds
648,Bavly,RU,54.393,53.2602,45.25,84,100,5.23,overcast clouds
649,Solhan,TR,38.9634,41.0293,55.4,56,0,4.07,clear sky
650,Westerland,DE,54.9079,8.3033,55.42,94,75,9.22,broken clouds
651,Kamenka,RU,51.3223,42.7678,45.48,77,88,2.82,overcast clouds
652,Xuddur,SO,4.1213,43.8894,69.64,85,95,11.52,overcast clouds
653,Okha,RU,53.5739,142.9478,55.99,46,2,8.66,clear sky
654,Povenets,RU,62.8487,34.8262,44.91,90,100,6.33,overcast clouds
655,Hendrina,ZA,-26.1588,29.7153,55.27,80,90,6.11,overcast clouds
656,Port Keats,AU,-14.25,129.55,89.47,51,27,12.06,scattered clouds
657,Karaman,TR,37.0833,33.25,46.83,60,0,4.23,clear sky
658,Balkanabat,TM,39.5108,54.3671,56.97,30,3,16.02,clear sky
659,Panaba,MX,21.2833,-88.2667,76.75,84,12,8.12,few clouds
660,Gunib,RU,42.3876,46.9651,42.91,93,86,2.04,overcast clouds
661,Koryazhma,RU,61.3143,47.1691,43.83,97,100,4.25,light rain
662,Kormilovka,RU,55.0026,74.1028,33.55,85,100,11.14,overcast clouds
663,Vicuna,CL,-30.0319,-70.7081,61.77,49,0,0.96,clear sky
664,Narsaq,GL,60.9167,-46.05,32.22,46,1,3.94,clear sky
665,Port Augusta,AU,-32.5,137.7667,75.7,22,37,14.63,scattered clouds
666,Marfino,RU,55.7028,37.3822,40.28,94,75,2.24,broken clouds
667,Savannah Bight,HN,16.45,-85.85,82.99,72,55,18.23,broken clouds
668,Ardakan,IR,32.31,54.0175,71.98,27,0,10.45,clear sky
669,Tchaourou,BJ,8.8865,2.5975,71.51,96,88,2.89,overcast clouds
670,Ulaangom,MN,49.9811,92.0667,41.94,29,99,4.18,overcast clouds
671,Nizhniy Ingash,RU,56.2,96.53,40.17,70,93,9.04,overcast clouds
672,Marshall,US,34.3834,-86.3333,72.12,80,1,3.44,clear sky
673,Katakwi,UG,1.8911,33.9661,64.71,87,100,2.75,overcast clouds
674,San Buenaventura,MX,27.0833,-101.5333,74.82,75,83,1.23,broken clouds
675,Atar,MR,20.5169,-13.0499,88.21,36,68,2.62,broken clouds
676,Lagunas,PE,-5.2269,-75.6753,79.41,72,65,2.93,broken clouds
677,Argelia,CO,2.2556,-77.2488,66.43,98,99,1.23,light rain
